Model,MAE,RMSE,Recall@10,HitRate@10,NDCG@10
Hybrid (TFIDF + UserKNN),0.444253813250947,0.8946643461797994,0.3451388888888889,0.455,0.1822879398864513
